x_mm,y_mm
1.585000,7.843000
1.935000,7.843000
2.285000,7.843000
2.635000,7.843000
2.985000,7.843000
3.335000,7.843000
3.685000,7.843000
4.035000,7.843000
4.385000,7.843000
4.735000,7.843000
5.085000,7.843000
5.435000,7.843000
5.785000,7.843000
6.135000,7.843000
6.485000,7.843000
6.835000,7.843000
1.410000,7.103000
1.760000,7.103000
2.110000,7.103000
2.460000,7.103000
2.810000,7.103000
3.160000,7.103000
3.510000,7.103000
3.860000,7.103000
4.210000,7.103000
4.560000,7.103000
4.910000,7.103000
5.260000,7.103000
5.610000,7.103000
5.960000,7.103000
6.310000,7.103000
6.660000,7.103000
1.585000,6.733000
1.935000,6.733000
2.285000,6.733000
2.635000,6.733000
2.985000,6.733000
3.335000,6.733000
3.685000,6.733000
4.035000,6.733000
4.385000,6.733000
4.735000,6.733000
5.085000,6.733000
5.435000,6.733000
5.785000,6.733000
6.135000,6.733000
6.485000,6.733000
6.835000,6.733000
1.410000,5.993000
1.760000,5.993000
2.110000,5.993000
2.460000,5.993000
2.810000,5.993000
3.160000,5.993000
3.510000,5.993000
3.860000,5.993000
4.210000,5.993000
4.560000,5.993000
4.910000,5.993000
5.260000,5.993000
5.610000,5.993000
5.960000,5.993000
6.310000,5.993000
6.660000,5.993000
1.585000,4.843000
1.935000,4.843000
2.285000,4.843000
2.635000,4.843000
2.985000,4.843000
3.335000,4.843000
3.685000,4.843000
4.035000,4.843000
4.385000,4.843000
4.735000,4.843000
5.085000,4.843000
5.435000,4.843000
5.785000,4.843000
6.135000,4.843000
6.485000,4.843000
6.835000,4.843000
1.410000,4.103000
1.760000,4.103000
2.110000,4.103000
2.460000,4.103000
2.810000,4.103000
3.160000,4.103000
3.510000,4.103000
3.860000,4.103000
4.210000,4.103000
4.560000,4.103000
4.910000,4.103000
5.260000,4.103000
5.610000,4.103000
5.960000,4.103000
6.310000,4.103000
6.660000,4.103000
1.585000,3.733000
1.935000,3.733000
2.285000,3.733000
2.635000,3.733000
2.985000,3.733000
3.335000,3.733000
3.685000,3.733000
4.035000,3.733000
4.385000,3.733000
4.735000,3.733000
5.085000,3.733000
5.435000,3.733000
5.785000,3.733000
6.135000,3.733000
6.485000,3.733000
6.835000,3.733000
1.410000,2.993000
1.760000,2.993000
2.110000,2.993000
2.460000,2.993000
2.810000,2.993000
3.160000,2.993000
3.510000,2.993000
3.860000,2.993000
4.210000,2.993000
4.560000,2.993000
4.910000,2.993000
5.260000,2.993000
5.610000,2.993000
5.960000,2.993000
6.310000,2.993000
6.660000,2.993000
1.585000,1.843000
1.935000,1.843000
2.285000,1.843000
2.635000,1.843000
2.985000,1.843000
3.335000,1.843000
3.685000,1.843000
4.035000,1.843000
4.385000,1.843000
4.735000,1.843000
5.085000,1.843000
5.435000,1.843000
5.785000,1.843000
6.135000,1.843000
6.485000,1.843000
6.835000,1.843000
1.410000,1.103000
1.760000,1.103000
2.110000,1.103000
2.460000,1.103000
2.810000,1.103000
3.160000,1.103000
3.510000,1.103000
3.860000,1.103000
4.210000,1.103000
4.560000,1.103000
4.910000,1.103000
5.260000,1.103000
5.610000,1.103000
5.960000,1.103000
6.310000,1.103000
6.660000,1.103000
1.585000,0.733000
1.935000,0.733000
2.285000,0.733000
2.635000,0.733000
2.985000,0.733000
3.335000,0.733000
3.685000,0.733000
4.035000,0.733000
4.385000,0.733000
4.735000,0.733000
5.085000,0.733000
5.435000,0.733000
5.785000,0.733000
6.135000,0.733000
6.485000,0.733000
6.835000,0.733000
1.410000,-0.007000
1.760000,-0.007000
2.110000,-0.007000
2.460000,-0.007000
2.810000,-0.007000
3.160000,-0.007000
3.510000,-0.007000
3.860000,-0.007000
4.210000,-0.007000
4.560000,-0.007000
4.910000,-0.007000
5.260000,-0.007000
5.610000,-0.007000
5.960000,-0.007000
6.310000,-0.007000
6.660000,-0.007000
10.385000,10.843000
10.735000,10.843000
11.085000,10.843000
11.435000,10.843000
11.785000,10.843000
12.135000,10.843000
12.485000,10.843000
12.835000,10.843000
13.185000,10.843000
13.535000,10.843000
13.885000,10.843000
14.235000,10.843000
14.585000,10.843000
14.935000,10.843000
15.285000,10.843000
15.635000,10.843000
10.210000,10.103000
10.560000,10.103000
10.910000,10.103000
11.260000,10.103000
11.610000,10.103000
11.960000,10.103000
12.310000,10.103000
12.660000,10.103000
13.010000,10.103000
13.360000,10.103000
13.710000,10.103000
14.060000,10.103000
14.410000,10.103000
14.760000,10.103000
15.110000,10.103000
15.460000,10.103000
10.385000,9.733000
10.735000,9.733000
11.085000,9.733000
11.435000,9.733000
11.785000,9.733000
12.135000,9.733000
12.485000,9.733000
12.835000,9.733000
13.185000,9.733000
13.535000,9.733000
13.885000,9.733000
14.235000,9.733000
14.585000,9.733000
14.935000,9.733000
15.285000,9.733000
15.635000,9.733000
10.210000,8.993000
10.560000,8.993000
10.910000,8.993000
11.260000,8.993000
11.610000,8.993000
11.960000,8.993000
12.310000,8.993000
12.660000,8.993000
13.010000,8.993000
13.360000,8.993000
13.710000,8.993000
14.060000,8.993000
14.410000,8.993000
14.760000,8.993000
15.110000,8.993000
15.460000,8.993000
10.385000,7.843000
10.735000,7.843000
11.085000,7.843000
11.435000,7.843000
11.785000,7.843000
12.135000,7.843000
12.485000,7.843000
12.835000,7.843000
13.185000,7.843000
13.535000,7.843000
13.885000,7.843000
14.235000,7.843000
14.585000,7.843000
14.935000,7.843000
15.285000,7.843000
15.635000,7.843000
10.210000,7.103000
10.560000,7.103000
10.910000,7.103000
11.260000,7.103000
11.610000,7.103000
11.960000,7.103000
12.310000,7.103000
12.660000,7.103000
13.010000,7.103000
13.360000,7.103000
13.710000,7.103000
14.060000,7.103000
14.410000,7.103000
14.760000,7.103000
15.110000,7.103000
15.460000,7.103000
10.385000,6.733000
10.735000,6.733000
11.085000,6.733000
11.435000,6.733000
11.785000,6.733000
12.135000,6.733000
12.485000,6.733000
12.835000,6.733000
13.185000,6.733000
13.535000,6.733000
13.885000,6.733000
14.235000,6.733000
14.585000,6.733000
14.935000,6.733000
15.285000,6.733000
15.635000,6.733000
10.210000,5.993000
10.560000,5.993000
10.910000,5.993000
11.260000,5.993000
11.610000,5.993000
11.960000,5.993000
12.310000,5.993000
12.660000,5.993000
13.010000,5.993000
13.360000,5.993000
13.710000,5.993000
14.060000,5.993000
14.410000,5.993000
14.760000,5.993000
15.110000,5.993000
15.460000,5.993000
10.385000,4.843000
10.735000,4.843000
11.085000,4.843000
11.435000,4.843000
11.785000,4.843000
12.135000,4.843000
12.485000,4.843000
12.835000,4.843000
13.185000,4.843000
13.535000,4.843000
13.885000,4.843000
14.235000,4.843000
14.585000,4.843000
14.935000,4.843000
15.285000,4.843000
15.635000,4.843000
10.210000,4.103000
10.560000,4.103000
10.910000,4.103000
11.260000,4.103000
11.610000,4.103000
11.960000,4.103000
12.310000,4.103000
12.660000,4.103000
13.010000,4.103000
13.360000,4.103000
13.710000,4.103000
14.060000,4.103000
14.410000,4.103000
14.760000,4.103000
15.110000,4.103000
15.460000,4.103000
10.385000,3.733000
10.735000,3.733000
11.085000,3.733000
11.435000,3.733000
11.785000,3.733000
12.135000,3.733000
12.485000,3.733000
12.835000,3.733000
13.185000,3.733000
13.535000,3.733000
13.885000,3.733000
14.235000,3.733000
14.585000,3.733000
14.935000,3.733000
15.285000,3.733000
15.635000,3.733000
10.210000,2.993000
10.560000,2.993000
10.910000,2.993000
11.260000,2.993000
11.610000,2.993000
11.960000,2.993000
12.310000,2.993000
12.660000,2.993000
13.010000,2.993000
13.360000,2.993000
13.710000,2.993000
14.060000,2.993000
14.410000,2.993000
14.760000,2.993000
15.110000,2.993000
15.460000,2.993000
10.385000,1.843000
10.735000,1.843000
11.085000,1.843000
11.435000,1.843000
11.785000,1.843000
12.135000,1.843000
12.485000,1.843000
12.835000,1.843000
13.185000,1.843000
13.535000,1.843000
13.885000,1.843000
14.235000,1.843000
14.585000,1.843000
14.935000,1.843000
15.285000,1.843000
15.635000,1.843000
10.210000,1.103000
10.560000,1.103000
10.910000,1.103000
11.260000,1.103000
11.610000,1.103000
11.960000,1.103000
12.310000,1.103000
12.660000,1.103000
13.010000,1.103000
13.360000,1.103000
13.710000,1.103000
14.060000,1.103000
14.410000,1.103000
14.760000,1.103000
15.110000,1.103000
15.460000,1.103000
10.385000,0.733000
10.735000,0.733000
11.085000,0.733000
11.435000,0.733000
11.785000,0.733000
12.135000,0.733000
12.485000,0.733000
12.835000,0.733000
13.185000,0.733000
13.535000,0.733000
13.885000,0.733000
14.235000,0.733000
14.585000,0.733000
14.935000,0.733000
15.285000,0.733000
15.635000,0.733000
10.210000,-0.007000
10.560000,-0.007000
10.910000,-0.007000
11.260000,-0.007000
11.610000,-0.007000
11.960000,-0.007000
12.310000,-0.007000
12.660000,-0.007000
13.010000,-0.007000
13.360000,-0.007000
13.710000,-0.007000
14.060000,-0.007000
14.410000,-0.007000
14.760000,-0.007000
15.110000,-0.007000
15.460000,-0.007000
1.585000,10.843000
1.935000,10.843000
2.285000,10.843000
2.635000,10.843000
2.985000,10.843000
3.335000,10.843000
3.685000,10.843000
4.035000,10.843000
4.385000,10.843000
4.735000,10.843000
5.085000,10.843000
5.435000,10.843000
5.785000,10.843000
6.135000,10.843000
6.485000,10.843000
6.835000,10.843000
1.410000,10.103000
1.760000,10.103000
2.110000,10.103000
2.460000,10.103000
2.810000,10.103000
3.160000,10.103000
3.510000,10.103000
3.860000,10.103000
4.210000,10.103000
4.560000,10.103000
4.910000,10.103000
5.260000,10.103000
5.610000,10.103000
5.960000,10.103000
6.310000,10.103000
6.660000,10.103000
1.585000,9.733000
1.935000,9.733000
2.285000,9.733000
2.635000,9.733000
2.985000,9.733000
3.335000,9.733000
3.685000,9.733000
4.035000,9.733000
4.385000,9.733000
4.735000,9.733000
5.085000,9.733000
5.435000,9.733000
5.785000,9.733000
6.135000,9.733000
6.485000,9.733000
6.835000,9.733000
1.410000,8.993000
1.760000,8.993000
2.110000,8.993000
2.460000,8.993000
2.810000,8.993000
3.160000,8.993000
3.510000,8.993000
3.860000,8.993000
4.210000,8.993000
4.560000,8.993000
4.910000,8.993000
5.260000,8.993000
5.610000,8.993000
5.960000,8.993000
6.310000,8.993000
6.660000,8.993000
